itemid,datasetid,hasbird,item_dir
168088,ff1010bird,0,Data/168088.wav
38580,ff1010bird,0,Data/38580.wav
106491,ff1010bird,0,Data/106491.wav
127286,ff1010bird,1,Data/127286.wav
107523,ff1010bird,0,Data/107523.wav
76287,ff1010bird,0,Data/76287.wav
51681,ff1010bird,0,Data/51681.wav
154735,ff1010bird,0,Data/154735.wav
151777,ff1010bird,0,Data/151777.wav
62278,ff1010bird,0,Data/62278.wav
189855,ff1010bird,1,Data/189855.wav
92826,ff1010bird,0,Data/92826.wav
95015,ff1010bird,1,Data/95015.wav
155217,ff1010bird,0,Data/155217.wav
51728,ff1010bird,0,Data/51728.wav
127838,ff1010bird,0,Data/127838.wav
44206,ff1010bird,0,Data/44206.wav
174880,ff1010bird,0,Data/174880.wav
155285,ff1010bird,0,Data/155285.wav
104014,ff1010bird,1,Data/104014.wav
176281,ff1010bird,1,Data/176281.wav
42216,ff1010bird,0,Data/42216.wav
56519,ff1010bird,0,Data/56519.wav
62932,ff1010bird,0,Data/62932.wav
56301,ff1010bird,1,Data/56301.wav
86941,ff1010bird,0,Data/86941.wav
160567,ff1010bird,0,Data/160567.wav
169603,ff1010bird,0,Data/169603.wav
39659,ff1010bird,0,Data/39659.wav
162744,ff1010bird,1,Data/162744.wav
54194,ff1010bird,0,Data/54194.wav
150865,ff1010bird,1,Data/150865.wav
154921,ff1010bird,1,Data/154921.wav
169316,ff1010bird,0,Data/169316.wav
187701,ff1010bird,1,Data/187701.wav
66643,ff1010bird,0,Data/66643.wav
62276,ff1010bird,1,Data/62276.wav
55119,ff1010bird,0,Data/55119.wav
56371,ff1010bird,0,Data/56371.wav
93665,ff1010bird,0,Data/93665.wav
194372,ff1010bird,0,Data/194372.wav
39496,ff1010bird,0,Data/39496.wav
170470,ff1010bird,0,Data/170470.wav
158612,ff1010bird,0,Data/158612.wav
67833,ff1010bird,0,Data/67833.wav
172166,ff1010bird,1,Data/172166.wav
174237,ff1010bird,0,Data/174237.wav
162695,ff1010bird,0,Data/162695.wav
97587,ff1010bird,1,Data/97587.wav
126340,ff1010bird,0,Data/126340.wav
71333,ff1010bird,1,Data/71333.wav
184214,ff1010bird,1,Data/184214.wav
86969,ff1010bird,0,Data/86969.wav
160517,ff1010bird,0,Data/160517.wav
78792,ff1010bird,1,Data/78792.wav
36344,ff1010bird,1,Data/36344.wav
65746,ff1010bird,1,Data/65746.wav
91134,ff1010bird,0,Data/91134.wav
86972,ff1010bird,0,Data/86972.wav
194705,ff1010bird,0,Data/194705.wav
127514,ff1010bird,0,Data/127514.wav
50061,ff1010bird,0,Data/50061.wav
46850,ff1010bird,0,Data/46850.wav
145482,ff1010bird,0,Data/145482.wav
52777,ff1010bird,0,Data/52777.wav
38288,ff1010bird,0,Data/38288.wav
72269,ff1010bird,0,Data/72269.wav
45986,ff1010bird,0,Data/45986.wav
186423,ff1010bird,0,Data/186423.wav
1053,ff1010bird,0,Data/1053.wav
16837,ff1010bird,0,Data/16837.wav
76272,ff1010bird,0,Data/76272.wav
177645,ff1010bird,0,Data/177645.wav
169637,ff1010bird,0,Data/169637.wav
145556,ff1010bird,1,Data/145556.wav
39375,ff1010bird,1,Data/39375.wav
195462,ff1010bird,1,Data/195462.wav
70306,ff1010bird,1,Data/70306.wav
64335,ff1010bird,0,Data/64335.wav
38886,ff1010bird,0,Data/38886.wav
66012,ff1010bird,0,Data/66012.wav
47051,ff1010bird,1,Data/47051.wav
125821,ff1010bird,0,Data/125821.wav
63967,ff1010bird,1,Data/63967.wav
54805,ff1010bird,1,Data/54805.wav
49807,ff1010bird,1,Data/49807.wav
51413,ff1010bird,0,Data/51413.wav
127796,ff1010bird,0,Data/127796.wav
79088,ff1010bird,0,Data/79088.wav
160523,ff1010bird,0,Data/160523.wav
32834,ff1010bird,0,Data/32834.wav
31256,ff1010bird,0,Data/31256.wav
156044,ff1010bird,0,Data/156044.wav
94827,ff1010bird,0,Data/94827.wav
63583,ff1010bird,0,Data/63583.wav
108762,ff1010bird,1,Data/108762.wav
173901,ff1010bird,0,Data/173901.wav
132049,ff1010bird,0,Data/132049.wav
190970,ff1010bird,0,Data/190970.wav
82270,ff1010bird,0,Data/82270.wav
100275,ff1010bird,0,Data/100275.wav
24003,ff1010bird,0,Data/24003.wav
155639,ff1010bird,0,Data/155639.wav
38304,ff1010bird,1,Data/38304.wav
54858,ff1010bird,0,Data/54858.wav
96181,ff1010bird,0,Data/96181.wav
33196,ff1010bird,1,Data/33196.wav
122766,ff1010bird,1,Data/122766.wav
74319,ff1010bird,1,Data/74319.wav
82539,ff1010bird,1,Data/82539.wav
157910,ff1010bird,0,Data/157910.wav
31884,ff1010bird,0,Data/31884.wav
74383,ff1010bird,0,Data/74383.wav
66104,ff1010bird,0,Data/66104.wav
73126,ff1010bird,0,Data/73126.wav
147927,ff1010bird,0,Data/147927.wav
97590,ff1010bird,1,Data/97590.wav
91752,ff1010bird,1,Data/91752.wav
148878,ff1010bird,1,Data/148878.wav
164053,ff1010bird,0,Data/164053.wav
74480,ff1010bird,0,Data/74480.wav
189868,ff1010bird,1,Data/189868.wav
121764,ff1010bird,1,Data/121764.wav
70956,ff1010bird,0,Data/70956.wav
22327,ff1010bird,1,Data/22327.wav
83986,ff1010bird,0,Data/83986.wav
52857,ff1010bird,1,Data/52857.wav
98735,ff1010bird,0,Data/98735.wav
165340,ff1010bird,0,Data/165340.wav
73104,ff1010bird,0,Data/73104.wav
58556,ff1010bird,1,Data/58556.wav
184950,ff1010bird,0,Data/184950.wav
114621,ff1010bird,1,Data/114621.wav
39011,ff1010bird,0,Data/39011.wav
161871,ff1010bird,1,Data/161871.wav
62310,ff1010bird,0,Data/62310.wav
187586,ff1010bird,0,Data/187586.wav
105083,ff1010bird,0,Data/105083.wav
95819,ff1010bird,1,Data/95819.wav
58267,ff1010bird,0,Data/58267.wav
23063,ff1010bird,0,Data/23063.wav
140846,ff1010bird,0,Data/140846.wav
187131,ff1010bird,0,Data/187131.wav
190682,ff1010bird,0,Data/190682.wav
127234,ff1010bird,0,Data/127234.wav
57048,ff1010bird,0,Data/57048.wav
47704,ff1010bird,0,Data/47704.wav
127620,ff1010bird,0,Data/127620.wav
137958,ff1010bird,0,Data/137958.wav
69870,ff1010bird,0,Data/69870.wav
144076,ff1010bird,0,Data/144076.wav
77656,ff1010bird,0,Data/77656.wav
181401,ff1010bird,0,Data/181401.wav
189853,ff1010bird,1,Data/189853.wav
55729,ff1010bird,0,Data/55729.wav
117150,ff1010bird,0,Data/117150.wav
58237,ff1010bird,1,Data/58237.wav
131485,ff1010bird,0,Data/131485.wav
46351,ff1010bird,0,Data/46351.wav
94796,ff1010bird,1,Data/94796.wav
160012,ff1010bird,0,Data/160012.wav
171040,ff1010bird,0,Data/171040.wav
113330,ff1010bird,0,Data/113330.wav
156665,ff1010bird,1,Data/156665.wav
37739,ff1010bird,1,Data/37739.wav
162648,ff1010bird,1,Data/162648.wav
127172,ff1010bird,0,Data/127172.wav
141160,ff1010bird,0,Data/141160.wav
78780,ff1010bird,0,Data/78780.wav
111051,ff1010bird,0,Data/111051.wav
131873,ff1010bird,0,Data/131873.wav
30414,ff1010bird,0,Data/30414.wav
172442,ff1010bird,0,Data/172442.wav
125073,ff1010bird,0,Data/125073.wav
58264,ff1010bird,0,Data/58264.wav
44186,ff1010bird,0,Data/44186.wav
161888,ff1010bird,0,Data/161888.wav
115701,ff1010bird,0,Data/115701.wav
126856,ff1010bird,0,Data/126856.wav
13791,ff1010bird,1,Data/13791.wav
44570,ff1010bird,1,Data/44570.wav
89062,ff1010bird,1,Data/89062.wav
144343,ff1010bird,1,Data/144343.wav
170338,ff1010bird,0,Data/170338.wav
182399,ff1010bird,0,Data/182399.wav
155048,ff1010bird,0,Data/155048.wav
72696,ff1010bird,1,Data/72696.wav
57798,ff1010bird,1,Data/57798.wav
123440,ff1010bird,0,Data/123440.wav
149253,ff1010bird,0,Data/149253.wav
54856,ff1010bird,0,Data/54856.wav
39658,ff1010bird,0,Data/39658.wav
50933,ff1010bird,0,Data/50933.wav
73542,ff1010bird,1,Data/73542.wav
156597,ff1010bird,0,Data/156597.wav
23538,ff1010bird,0,Data/23538.wav
128044,ff1010bird,0,Data/128044.wav
191740,ff1010bird,0,Data/191740.wav
164828,ff1010bird,0,Data/164828.wav
146326,ff1010bird,0,Data/146326.wav
17074,ff1010bird,0,Data/17074.wav
61640,ff1010bird,0,Data/61640.wav
82540,ff1010bird,0,Data/82540.wav
54577,ff1010bird,0,Data/54577.wav
40969,ff1010bird,0,Data/40969.wav
104539,ff1010bird,0,Data/104539.wav
43717,ff1010bird,0,Data/43717.wav
155211,ff1010bird,0,Data/155211.wav
174469,ff1010bird,0,Data/174469.wav
45923,ff1010bird,0,Data/45923.wav
157768,ff1010bird,1,Data/157768.wav
134973,ff1010bird,0,Data/134973.wav
169181,ff1010bird,0,Data/169181.wav
17505,ff1010bird,1,Data/17505.wav
195597,ff1010bird,0,Data/195597.wav
187942,ff1010bird,1,Data/187942.wav
169466,ff1010bird,0,Data/169466.wav
23019,ff1010bird,0,Data/23019.wav
126331,ff1010bird,0,Data/126331.wav
45922,ff1010bird,1,Data/45922.wav
102858,ff1010bird,0,Data/102858.wav
25383,ff1010bird,0,Data/25383.wav
103190,ff1010bird,1,Data/103190.wav
120122,ff1010bird,0,Data/120122.wav
169575,ff1010bird,0,Data/169575.wav
187763,ff1010bird,1,Data/187763.wav
184638,ff1010bird,0,Data/184638.wav
64396,ff1010bird,0,Data/64396.wav
74382,ff1010bird,0,Data/74382.wav
133474,ff1010bird,0,Data/133474.wav
160528,ff1010bird,0,Data/160528.wav
98852,ff1010bird,0,Data/98852.wav
63730,ff1010bird,0,Data/63730.wav
77648,ff1010bird,0,Data/77648.wav
53690,ff1010bird,1,Data/53690.wav
76904,ff1010bird,0,Data/76904.wav
172883,ff1010bird,0,Data/172883.wav
49085,ff1010bird,0,Data/49085.wav
31250,ff1010bird,1,Data/31250.wav
190680,ff1010bird,1,Data/190680.wav
80790,ff1010bird,0,Data/80790.wav
45910,ff1010bird,0,Data/45910.wav
150856,ff1010bird,0,Data/150856.wav
111185,ff1010bird,0,Data/111185.wav
155243,ff1010bird,1,Data/155243.wav
61076,ff1010bird,0,Data/61076.wav
95067,ff1010bird,0,Data/95067.wav
125241,ff1010bird,0,Data/125241.wav
162579,ff1010bird,0,Data/162579.wav
91559,ff1010bird,0,Data/91559.wav
175965,ff1010bird,0,Data/175965.wav
104492,ff1010bird,1,Data/104492.wav
28285,ff1010bird,1,Data/28285.wav
77779,ff1010bird,0,Data/77779.wav
182525,ff1010bird,0,Data/182525.wav
137156,ff1010bird,0,Data/137156.wav
111174,ff1010bird,0,Data/111174.wav
98738,ff1010bird,0,Data/98738.wav
13774,ff1010bird,0,Data/13774.wav
32405,ff1010bird,0,Data/32405.wav
155204,ff1010bird,0,Data/155204.wav
71687,ff1010bird,0,Data/71687.wav
116221,ff1010bird,1,Data/116221.wav
46346,ff1010bird,0,Data/46346.wav
43357,ff1010bird,0,Data/43357.wav
141992,ff1010bird,0,Data/141992.wav
38888,ff1010bird,0,Data/38888.wav
69654,ff1010bird,1,Data/69654.wav
58270,ff1010bird,0,Data/58270.wav
127284,ff1010bird,0,Data/127284.wav
55176,ff1010bird,0,Data/55176.wav
70947,ff1010bird,0,Data/70947.wav
95957,ff1010bird,0,Data/95957.wav
109484,ff1010bird,0,Data/109484.wav
72213,ff1010bird,1,Data/72213.wav
153457,ff1010bird,1,Data/153457.wav
44250,ff1010bird,0,Data/44250.wav
164180,ff1010bird,1,Data/164180.wav
153538,ff1010bird,0,Data/153538.wav
148422,ff1010bird,0,Data/148422.wav
146844,ff1010bird,1,Data/146844.wav
104326,ff1010bird,0,Data/104326.wav
88573,ff1010bird,1,Data/88573.wav
58238,ff1010bird,0,Data/58238.wav
193483,ff1010bird,1,Data/193483.wav
29606,ff1010bird,0,Data/29606.wav
46068,ff1010bird,0,Data/46068.wav
127632,ff1010bird,0,Data/127632.wav
60576,ff1010bird,0,Data/60576.wav
31796,ff1010bird,1,Data/31796.wav
102093,ff1010bird,0,Data/102093.wav
150975,ff1010bird,1,Data/150975.wav
89690,ff1010bird,0,Data/89690.wav
58555,ff1010bird,0,Data/58555.wav
189847,ff1010bird,0,Data/189847.wav
23528,ff1010bird,0,Data/23528.wav
170481,ff1010bird,0,Data/170481.wav
127184,ff1010bird,0,Data/127184.wav
65674,ff1010bird,0,Data/65674.wav
7889,ff1010bird,0,Data/7889.wav
92821,ff1010bird,0,Data/92821.wav
144071,ff1010bird,0,Data/144071.wav
157911,ff1010bird,0,Data/157911.wav
69312,ff1010bird,0,Data/69312.wav
193889,ff1010bird,0,Data/193889.wav
120645,ff1010bird,1,Data/120645.wav
65929,ff1010bird,1,Data/65929.wav
171004,ff1010bird,0,Data/171004.wav
184355,ff1010bird,0,Data/184355.wav
54806,ff1010bird,1,Data/54806.wav
129775,ff1010bird,1,Data/129775.wav
162625,ff1010bird,0,Data/162625.wav
69095,ff1010bird,1,Data/69095.wav
127356,ff1010bird,0,Data/127356.wav
157284,ff1010bird,0,Data/157284.wav
156608,ff1010bird,1,Data/156608.wav
18756,ff1010bird,0,Data/18756.wav
95534,ff1010bird,1,Data/95534.wav
104584,ff1010bird,0,Data/104584.wav
57799,ff1010bird,1,Data/57799.wav
157471,ff1010bird,0,Data/157471.wav
108285,ff1010bird,0,Data/108285.wav
110646,ff1010bird,1,Data/110646.wav
113601,ff1010bird,0,Data/113601.wav
146699,ff1010bird,1,Data/146699.wav
52905,ff1010bird,1,Data/52905.wav
86954,ff1010bird,0,Data/86954.wav
102244,ff1010bird,0,Data/102244.wav
54581,ff1010bird,1,Data/54581.wav
102071,ff1010bird,0,Data/102071.wav
78648,ff1010bird,1,Data/78648.wav
17090,ff1010bird,0,Data/17090.wav
57913,ff1010bird,1,Data/57913.wav
17632,ff1010bird,0,Data/17632.wav
127863,ff1010bird,0,Data/127863.wav
64123,ff1010bird,0,Data/64123.wav
173195,ff1010bird,0,Data/173195.wav
180542,ff1010bird,0,Data/180542.wav
126946,ff1010bird,0,Data/126946.wav
187645,ff1010bird,1,Data/187645.wav
176090,ff1010bird,1,Data/176090.wav
127273,ff1010bird,0,Data/127273.wav
169300,ff1010bird,1,Data/169300.wav
132145,ff1010bird,0,Data/132145.wav
155129,ff1010bird,0,Data/155129.wav
133472,ff1010bird,1,Data/133472.wav
23131,ff1010bird,1,Data/23131.wav
55441,ff1010bird,0,Data/55441.wav
126430,ff1010bird,0,Data/126430.wav
61184,ff1010bird,0,Data/61184.wav
174036,ff1010bird,0,Data/174036.wav
121302,ff1010bird,1,Data/121302.wav
54374,ff1010bird,1,Data/54374.wav
100180,ff1010bird,1,Data/100180.wav
187126,ff1010bird,0,Data/187126.wav
111033,ff1010bird,1,Data/111033.wav
194231,ff1010bird,0,Data/194231.wav
95713,ff1010bird,1,Data/95713.wav
189821,ff1010bird,0,Data/189821.wav
101385,ff1010bird,0,Data/101385.wav
19258,ff1010bird,1,Data/19258.wav
78787,ff1010bird,0,Data/78787.wav
1932,ff1010bird,1,Data/1932.wav
121569,ff1010bird,0,Data/121569.wav
127240,ff1010bird,0,Data/127240.wav
169096,ff1010bird,0,Data/169096.wav
98849,ff1010bird,0,Data/98849.wav
81871,ff1010bird,0,Data/81871.wav
180650,ff1010bird,0,Data/180650.wav
133083,ff1010bird,0,Data/133083.wav
59234,ff1010bird,1,Data/59234.wav
54538,ff1010bird,1,Data/54538.wav
146863,ff1010bird,0,Data/146863.wav
81485,ff1010bird,0,Data/81485.wav
38016,ff1010bird,0,Data/38016.wav
101323,ff1010bird,0,Data/101323.wav
131133,ff1010bird,1,Data/131133.wav
71336,ff1010bird,0,Data/71336.wav
127511,ff1010bird,0,Data/127511.wav
38232,ff1010bird,0,Data/38232.wav
162350,ff1010bird,0,Data/162350.wav
34619,ff1010bird,1,Data/34619.wav
31225,ff1010bird,0,Data/31225.wav
84688,ff1010bird,0,Data/84688.wav
42964,ff1010bird,0,Data/42964.wav
54918,ff1010bird,1,Data/54918.wav
38273,ff1010bird,0,Data/38273.wav
7174,ff1010bird,0,Data/7174.wav
132991,ff1010bird,0,Data/132991.wav
60081,ff1010bird,0,Data/60081.wav
184232,ff1010bird,0,Data/184232.wav
110692,ff1010bird,0,Data/110692.wav
80685,ff1010bird,1,Data/80685.wav
146867,ff1010bird,0,Data/146867.wav
111176,ff1010bird,0,Data/111176.wav
55107,ff1010bird,0,Data/55107.wav
187008,ff1010bird,0,Data/187008.wav
169249,ff1010bird,0,Data/169249.wav
58276,ff1010bird,0,Data/58276.wav
143964,ff1010bird,0,Data/143964.wav
64167,ff1010bird,0,Data/64167.wav
162720,ff1010bird,1,Data/162720.wav
104388,ff1010bird,0,Data/104388.wav
52791,ff1010bird,0,Data/52791.wav
93645,ff1010bird,0,Data/93645.wav
98645,ff1010bird,1,Data/98645.wav
175894,ff1010bird,0,Data/175894.wav
160532,ff1010bird,0,Data/160532.wav
87558,ff1010bird,0,Data/87558.wav
121357,ff1010bird,0,Data/121357.wav
7314,ff1010bird,0,Data/7314.wav
55095,ff1010bird,0,Data/55095.wav
79706,ff1010bird,0,Data/79706.wav
121763,ff1010bird,0,Data/121763.wav
98737,ff1010bird,0,Data/98737.wav
67771,ff1010bird,0,Data/67771.wav
72214,ff1010bird,1,Data/72214.wav
192353,ff1010bird,0,Data/192353.wav
164187,ff1010bird,0,Data/164187.wav
165285,ff1010bird,0,Data/165285.wav
53428,ff1010bird,1,Data/53428.wav
69301,ff1010bird,1,Data/69301.wav
145524,ff1010bird,1,Data/145524.wav
126666,ff1010bird,1,Data/126666.wav
175142,ff1010bird,0,Data/175142.wav
38584,ff1010bird,0,Data/38584.wav
160784,ff1010bird,0,Data/160784.wav
87130,ff1010bird,0,Data/87130.wav
132823,ff1010bird,0,Data/132823.wav
54488,ff1010bird,1,Data/54488.wav
51730,ff1010bird,0,Data/51730.wav
33195,ff1010bird,1,Data/33195.wav
58498,ff1010bird,0,Data/58498.wav
140825,ff1010bird,1,Data/140825.wav
66968,ff1010bird,1,Data/66968.wav
2421,ff1010bird,0,Data/2421.wav
38642,ff1010bird,0,Data/38642.wav
194713,ff1010bird,0,Data/194713.wav
154912,ff1010bird,0,Data/154912.wav
156448,ff1010bird,1,Data/156448.wav
47230,ff1010bird,0,Data/47230.wav
165211,ff1010bird,0,Data/165211.wav
17512,ff1010bird,1,Data/17512.wav
105288,ff1010bird,0,Data/105288.wav
130135,ff1010bird,0,Data/130135.wav
56961,ff1010bird,0,Data/56961.wav
155120,ff1010bird,0,Data/155120.wav
127354,ff1010bird,0,Data/127354.wav
166899,ff1010bird,1,Data/166899.wav
53483,ff1010bird,1,Data/53483.wav
175296,ff1010bird,1,Data/175296.wav
55240,ff1010bird,0,Data/55240.wav
179506,ff1010bird,1,Data/179506.wav
121262,ff1010bird,1,Data/121262.wav
177866,ff1010bird,0,Data/177866.wav
71914,ff1010bird,0,Data/71914.wav
85364,ff1010bird,0,Data/85364.wav
149326,ff1010bird,0,Data/149326.wav
147899,ff1010bird,0,Data/147899.wav
23025,ff1010bird,0,Data/23025.wav
60075,ff1010bird,0,Data/60075.wav
118582,ff1010bird,0,Data/118582.wav
81464,ff1010bird,0,Data/81464.wav
30950,ff1010bird,0,Data/30950.wav
127836,ff1010bird,0,Data/127836.wav
127361,ff1010bird,0,Data/127361.wav
153502,ff1010bird,1,Data/153502.wav
57668,ff1010bird,1,Data/57668.wav
155233,ff1010bird,1,Data/155233.wav
101461,ff1010bird,0,Data/101461.wav
104586,ff1010bird,0,Data/104586.wav
122064,ff1010bird,0,Data/122064.wav
127195,ff1010bird,1,Data/127195.wav
104543,ff1010bird,0,Data/104543.wav
165936,ff1010bird,0,Data/165936.wav
1055,ff1010bird,1,Data/1055.wav
127236,ff1010bird,0,Data/127236.wav
60085,ff1010bird,0,Data/60085.wav
78791,ff1010bird,0,Data/78791.wav
19999,ff1010bird,1,Data/19999.wav
11702,ff1010bird,0,Data/11702.wav
32394,ff1010bird,0,Data/32394.wav
68471,ff1010bird,0,Data/68471.wav
63755,ff1010bird,0,Data/63755.wav
191090,ff1010bird,0,Data/191090.wav
41181,ff1010bird,0,Data/41181.wav
156,ff1010bird,0,Data/156.wav
132987,ff1010bird,0,Data/132987.wav
38571,ff1010bird,0,Data/38571.wav
155093,ff1010bird,0,Data/155093.wav
30372,ff1010bird,0,Data/30372.wav
187135,ff1010bird,0,Data/187135.wav
61278,ff1010bird,0,Data/61278.wav
38643,ff1010bird,0,Data/38643.wav
14387,ff1010bird,0,Data/14387.wav
128419,ff1010bird,0,Data/128419.wav
164164,ff1010bird,0,Data/164164.wav
149299,ff1010bird,0,Data/149299.wav
107215,ff1010bird,0,Data/107215.wav
170563,ff1010bird,0,Data/170563.wav
91543,ff1010bird,0,Data/91543.wav
44526,ff1010bird,1,Data/44526.wav
73529,ff1010bird,0,Data/73529.wav
38275,ff1010bird,1,Data/38275.wav
69005,ff1010bird,0,Data/69005.wav
150974,ff1010bird,1,Data/150974.wav
1052,ff1010bird,1,Data/1052.wav
76884,ff1010bird,0,Data/76884.wav
190896,ff1010bird,0,Data/190896.wav
49661,ff1010bird,0,Data/49661.wav
52072,ff1010bird,1,Data/52072.wav
41364,ff1010bird,0,Data/41364.wav
156354,ff1010bird,0,Data/156354.wav
17006,ff1010bird,0,Data/17006.wav
21435,ff1010bird,0,Data/21435.wav
99452,ff1010bird,1,Data/99452.wav
160489,ff1010bird,0,Data/160489.wav
100840,ff1010bird,0,Data/100840.wav
195293,ff1010bird,0,Data/195293.wav
127510,ff1010bird,1,Data/127510.wav
92823,ff1010bird,1,Data/92823.wav
54640,ff1010bird,1,Data/54640.wav
193482,ff1010bird,1,Data/193482.wav
167804,ff1010bird,1,Data/167804.wav
90407,ff1010bird,0,Data/90407.wav
193032,ff1010bird,1,Data/193032.wav
127192,ff1010bird,0,Data/127192.wav
15473,ff1010bird,0,Data/15473.wav
102085,ff1010bird,0,Data/102085.wav
161686,ff1010bird,0,Data/161686.wav
21892,ff1010bird,0,Data/21892.wav
162491,ff1010bird,0,Data/162491.wav
11695,ff1010bird,0,Data/11695.wav
104,ff1010bird,0,Data/104.wav
94914,ff1010bird,1,Data/94914.wav
127619,ff1010bird,0,Data/127619.wav
25523,ff1010bird,1,Data/25523.wav
147924,ff1010bird,0,Data/147924.wav
184640,ff1010bird,0,Data/184640.wav
148265,ff1010bird,0,Data/148265.wav
48160,ff1010bird,0,Data/48160.wav
73116,ff1010bird,0,Data/73116.wav
101338,ff1010bird,0,Data/101338.wav
25021,ff1010bird,0,Data/25021.wav
56960,ff1010bird,0,Data/56960.wav
59006,ff1010bird,0,Data/59006.wav
78925,ff1010bird,0,Data/78925.wav
171513,ff1010bird,1,Data/171513.wav
133473,ff1010bird,0,Data/133473.wav
195292,ff1010bird,0,Data/195292.wav
158607,ff1010bird,0,Data/158607.wav
100843,ff1010bird,0,Data/100843.wav
145538,ff1010bird,0,Data/145538.wav
95036,ff1010bird,1,Data/95036.wav
189517,ff1010bird,1,Data/189517.wav
161618,ff1010bird,0,Data/161618.wav
145480,ff1010bird,0,Data/145480.wav
169101,ff1010bird,0,Data/169101.wav
146866,ff1010bird,0,Data/146866.wav
40834,ff1010bird,1,Data/40834.wav
169230,ff1010bird,0,Data/169230.wav
58560,ff1010bird,0,Data/58560.wav
89442,ff1010bird,0,Data/89442.wav
150161,ff1010bird,0,Data/150161.wav
157579,ff1010bird,0,Data/157579.wav
55511,ff1010bird,0,Data/55511.wav
157830,ff1010bird,0,Data/157830.wav
189852,ff1010bird,1,Data/189852.wav
44882,ff1010bird,0,Data/44882.wav
173131,ff1010bird,0,Data/173131.wav
164380,ff1010bird,0,Data/164380.wav
119500,ff1010bird,0,Data/119500.wav
111029,ff1010bird,1,Data/111029.wav
73276,ff1010bird,0,Data/73276.wav
173196,ff1010bird,0,Data/173196.wav
89675,ff1010bird,0,Data/89675.wav
91450,ff1010bird,0,Data/91450.wav
186335,ff1010bird,0,Data/186335.wav
15424,ff1010bird,0,Data/15424.wav
22953,ff1010bird,0,Data/22953.wav
69962,ff1010bird,1,Data/69962.wav
173337,ff1010bird,1,Data/173337.wav
58834,ff1010bird,0,Data/58834.wav
140776,ff1010bird,0,Data/140776.wav
160911,ff1010bird,0,Data/160911.wav
61697,ff1010bird,1,Data/61697.wav
86936,ff1010bird,0,Data/86936.wav
20784,ff1010bird,0,Data/20784.wav
184216,ff1010bird,1,Data/184216.wav
36056,ff1010bird,0,Data/36056.wav
87785,ff1010bird,0,Data/87785.wav
116229,ff1010bird,1,Data/116229.wav
47683,ff1010bird,1,Data/47683.wav
65454,ff1010bird,0,Data/65454.wav
17517,ff1010bird,1,Data/17517.wav
39497,ff1010bird,0,Data/39497.wav
17472,ff1010bird,0,Data/17472.wav
3126,ff1010bird,0,Data/3126.wav
25385,ff1010bird,1,Data/25385.wav
188083,ff1010bird,0,Data/188083.wav
162879,ff1010bird,1,Data/162879.wav
15542,ff1010bird,1,Data/15542.wav
45993,ff1010bird,0,Data/45993.wav
86751,ff1010bird,1,Data/86751.wav
96657,ff1010bird,0,Data/96657.wav
121359,ff1010bird,1,Data/121359.wav
156196,ff1010bird,0,Data/156196.wav
183181,ff1010bird,1,Data/183181.wav
168791,ff1010bird,0,Data/168791.wav
115351,ff1010bird,0,Data/115351.wav
128370,ff1010bird,0,Data/128370.wav
87941,ff1010bird,0,Data/87941.wav
135446,ff1010bird,0,Data/135446.wav
58838,ff1010bird,1,Data/58838.wav
112252,ff1010bird,0,Data/112252.wav
90649,ff1010bird,0,Data/90649.wav
155300,ff1010bird,1,Data/155300.wav
59446,ff1010bird,0,Data/59446.wav
126832,ff1010bird,0,Data/126832.wav
162738,ff1010bird,0,Data/162738.wav
195290,ff1010bird,0,Data/195290.wav
107577,ff1010bird,0,Data/107577.wav
20838,ff1010bird,0,Data/20838.wav
44066,ff1010bird,0,Data/44066.wav
46534,ff1010bird,0,Data/46534.wav
127239,ff1010bird,0,Data/127239.wav
44329,ff1010bird,0,Data/44329.wav
149276,ff1010bird,0,Data/149276.wav
71294,ff1010bird,1,Data/71294.wav
36865,ff1010bird,1,Data/36865.wav
151816,ff1010bird,0,Data/151816.wav
33827,ff1010bird,1,Data/33827.wav
77469,ff1010bird,0,Data/77469.wav
31828,ff1010bird,1,Data/31828.wav
44205,ff1010bird,0,Data/44205.wav
155123,ff1010bird,0,Data/155123.wav
148356,ff1010bird,0,Data/148356.wav
172314,ff1010bird,0,Data/172314.wav
127302,ff1010bird,0,Data/127302.wav
160582,ff1010bird,0,Data/160582.wav
117407,ff1010bird,1,Data/117407.wav
38223,ff1010bird,0,Data/38223.wav
135835,ff1010bird,1,Data/135835.wav
164165,ff1010bird,0,Data/164165.wav
44050,ff1010bird,0,Data/44050.wav
72267,ff1010bird,1,Data/72267.wav
126845,ff1010bird,0,Data/126845.wav
58554,ff1010bird,0,Data/58554.wav
28204,ff1010bird,0,Data/28204.wav
148652,ff1010bird,0,Data/148652.wav
44883,ff1010bird,0,Data/44883.wav
147946,ff1010bird,0,Data/147946.wav
110123,ff1010bird,0,Data/110123.wav
155223,ff1010bird,0,Data/155223.wav
86944,ff1010bird,0,Data/86944.wav
16008,ff1010bird,0,Data/16008.wav
111182,ff1010bird,0,Data/111182.wav
172441,ff1010bird,0,Data/172441.wav
96346,ff1010bird,0,Data/96346.wav
84909,ff1010bird,0,Data/84909.wav
17859,ff1010bird,0,Data/17859.wav
71241,ff1010bird,0,Data/71241.wav
187654,ff1010bird,0,Data/187654.wav
90344,ff1010bird,0,Data/90344.wav
82317,ff1010bird,0,Data/82317.wav
132010,ff1010bird,0,Data/132010.wav
123707,ff1010bird,1,Data/123707.wav
50619,ff1010bird,1,Data/50619.wav
69107,ff1010bird,0,Data/69107.wav
154917,ff1010bird,1,Data/154917.wav
127441,ff1010bird,0,Data/127441.wav
162818,ff1010bird,0,Data/162818.wav
39859,ff1010bird,0,Data/39859.wav
107611,ff1010bird,0,Data/107611.wav
72559,ff1010bird,0,Data/72559.wav
97606,ff1010bird,0,Data/97606.wav
169286,ff1010bird,0,Data/169286.wav
169280,ff1010bird,0,Data/169280.wav
25526,ff1010bird,0,Data/25526.wav
85423,ff1010bird,0,Data/85423.wav
38389,ff1010bird,0,Data/38389.wav
104205,ff1010bird,1,Data/104205.wav
155121,ff1010bird,0,Data/155121.wav
145528,ff1010bird,0,Data/145528.wav
192788,ff1010bird,0,Data/192788.wav
99082,ff1010bird,0,Data/99082.wav
121523,ff1010bird,0,Data/121523.wav
169283,ff1010bird,0,Data/169283.wav
120368,ff1010bird,0,Data/120368.wav
110690,ff1010bird,1,Data/110690.wav
65332,ff1010bird,0,Data/65332.wav
64196,ff1010bird,0,Data/64196.wav
28641,ff1010bird,0,Data/28641.wav
48603,ff1010bird,0,Data/48603.wav
72222,ff1010bird,0,Data/72222.wav
173894,ff1010bird,1,Data/173894.wav
42785,ff1010bird,0,Data/42785.wav
57052,ff1010bird,0,Data/57052.wav
170599,ff1010bird,0,Data/170599.wav
162690,ff1010bird,0,Data/162690.wav
32571,ff1010bird,0,Data/32571.wav
143954,ff1010bird,0,Data/143954.wav
56611,ff1010bird,1,Data/56611.wav
177861,ff1010bird,0,Data/177861.wav
65251,ff1010bird,1,Data/65251.wav
145576,ff1010bird,0,Data/145576.wav
194791,ff1010bird,1,Data/194791.wav
151189,ff1010bird,0,Data/151189.wav
109086,ff1010bird,0,Data/109086.wav
137884,ff1010bird,1,Data/137884.wav
98646,ff1010bird,1,Data/98646.wav
2528,ff1010bird,0,Data/2528.wav
91032,ff1010bird,1,Data/91032.wav
54914,ff1010bird,1,Data/54914.wav
55175,ff1010bird,0,Data/55175.wav
106560,ff1010bird,0,Data/106560.wav
69105,ff1010bird,0,Data/69105.wav
102070,ff1010bird,0,Data/102070.wav
161812,ff1010bird,0,Data/161812.wav
32255,ff1010bird,0,Data/32255.wav
73370,ff1010bird,0,Data/73370.wav
75094,ff1010bird,1,Data/75094.wav
45436,ff1010bird,0,Data/45436.wav
56950,ff1010bird,0,Data/56950.wav
32175,ff1010bird,1,Data/32175.wav
36596,ff1010bird,1,Data/36596.wav
1931,ff1010bird,0,Data/1931.wav
169081,ff1010bird,0,Data/169081.wav
189518,ff1010bird,0,Data/189518.wav
184203,ff1010bird,0,Data/184203.wav
84794,ff1010bird,1,Data/84794.wav
72007,ff1010bird,0,Data/72007.wav
54947,ff1010bird,0,Data/54947.wav
48972,ff1010bird,0,Data/48972.wav
120226,ff1010bird,1,Data/120226.wav
47886,ff1010bird,0,Data/47886.wav
171406,ff1010bird,0,Data/171406.wav
157646,ff1010bird,0,Data/157646.wav
52191,ff1010bird,1,Data/52191.wav
44080,ff1010bird,0,Data/44080.wav
123994,ff1010bird,0,Data/123994.wav
90361,ff1010bird,0,Data/90361.wav
184349,ff1010bird,1,Data/184349.wav
133088,ff1010bird,0,Data/133088.wav
158746,ff1010bird,1,Data/158746.wav
162694,ff1010bird,0,Data/162694.wav
188031,ff1010bird,0,Data/188031.wav
71696,ff1010bird,0,Data/71696.wav
20381,ff1010bird,0,Data/20381.wav
56609,ff1010bird,0,Data/56609.wav
22326,ff1010bird,1,Data/22326.wav
54979,ff1010bird,1,Data/54979.wav
104804,ff1010bird,0,Data/104804.wav
92994,ff1010bird,0,Data/92994.wav
90857,ff1010bird,0,Data/90857.wav
15468,ff1010bird,0,Data/15468.wav
75253,ff1010bird,0,Data/75253.wav
51022,ff1010bird,0,Data/51022.wav
77667,ff1010bird,0,Data/77667.wav
56944,ff1010bird,0,Data/56944.wav
56565,ff1010bird,1,Data/56565.wav
178424,ff1010bird,1,Data/178424.wav
106272,ff1010bird,0,Data/106272.wav
145550,ff1010bird,1,Data/145550.wav
44616,ff1010bird,0,Data/44616.wav
161607,ff1010bird,0,Data/161607.wav
141182,ff1010bird,0,Data/141182.wav
73211,ff1010bird,1,Data/73211.wav
118419,ff1010bird,0,Data/118419.wav
